<?xml version="1.0" encoding="UTF-8" standalone="yes"?>
<addon id="repository.zinobg" name="My Repository R1" version="1.0.0" provider-name="zinobg [at] gmail.com">
	<extension point="xbmc.addon.repository" name="My Repository R1">
		<info compressed="false">https://raw.githubusercontent.com/zinobg/plugin.video.bgtvon/master/addons.xml</info>
		<checksum>https://raw.githubusercontent.com/zinobg/plugin.video.bgtvon/master/addons.xml.md5</checksum>
		<datadir zip="true">https://raw.githubusercontent.com/zinobg/plugin.video.bgtvon/master</datadir>
	</extension>
	<extension point="xbmc.addon.metadata">
		<summary>My Repository R1</summary>
		<description>This repository contains addons that are by Zinobg.</description>
		<disclaimer></disclaimer>
		<platform>all</platform>
	</extension>
</addon